NOM,PRENOM,Base de donnÃ©e,Analyse de donnÃ©e,Traitement de signal,CMS,Technique de communication,Math pour AI,Python pour AI,Moyenne,Status
ACHENAN,ALI,12.5,14.3,9.8,11.0,10.4,13.7,15.2,12.41,ValidÃ©
AIT AISSA,RACHID,7.2,9.0,8.5,6.3,9.1,10.0,8.4,8.36,Non ValidÃ©
AIT-OUARAB,HAJAR,11.3,10.9,13.5,12.0,11.8,12.4,13.7,12.23,ValidÃ©
AITOUHAMMOU,AYMANE,13.1,12.7,10.5,14.6,12.2,10.8,12.9,12.4,ValidÃ©
AMAZIGH,ABDELMOTTALEB,11.8,10.5,12.0,13.1,9.8,14.2,12.6,11.43,ValidÃ©
AOUAD,NOUSSAIBA,6.9,7.8,9.2,8.3,7.5,6.7,7.1,7.64,Non ValidÃ©
ATEMGA MBOSSETA WANGSO,DAVID,10.5,11.4,9.7,10.9,11.2,10.1,9.8,10.51,ValidÃ©
AZZAM,SARA,6.4,7.3,9.0,8.2,7.6,6.5,7.9,7.56,Non ValidÃ©
BABANA,MOHAMED ABDALLAHI,14.2,13.5,12.7,15.0,14.1,13.6,14.4,13.79,ValidÃ©
BAJOUDI,ALAE,8.6,9.7,10.1,9.9,9.4,8.7,10.3,9.81,Non ValidÃ©
BARI,AYMANE,11.7,12.3,10.4,9.6,11.2,13.0,12.1,11.47,ValidÃ©
BELLIHY,IBTISSAM,9.3,10.2,7.6,8.5,9.9,8.1,9.0,8.94,Non ValidÃ©
BEN-EL-AZMIA,ILHAM,12.4,13.1,11.5,12.7,13.3,11.9,12.0,12.41,ValidÃ©
BENFARESS,ZIAD,8.5,9.8,9.1,8.7,10.0,7.9,9.6,9.23,Non ValidÃ©
BIBRINE,YASSINE,15.0,13.6,12.8,14.0,13.1,11.9,14.7,13.01,ValidÃ©
BOUIH,HAJAR,10.2,9.4,8.6,11.7,12.0,9.3,10.1,10.19,ValidÃ©
BOUKTIBA,SOUHAIB,9.7,8.4,9.9,9.2,10.5,7.6,8.8,9.16,Non ValidÃ©
BOULIFA,AYA,13.3,14.2,12.7,12.1,13.9,11.6,14.3,13.16,ValidÃ©
BOUNGAB,MOHAMMED,7.8,8.9,7.1,6.9,8.4,7.5,9.0,7.94,Non ValidÃ©
CHAIB,ABDELFATAH,11.9,12.6,13.0,12.3,11.4,13.7,12.8,12.53,ValidÃ©
CHERKAOUI,MERYEM,14.0,13.3,12.5,13.6,14.1,13.0,14.7,13.46,ValidÃ©
DASSI DASSI,SAMUEL,10.9,11.5,9.8,11.3,10.7,11.2,12.0,11.06,ValidÃ©
DEMRAOUI,SALMA,7.8,8.2,6.5,7.4,8.0,7.1,6.9,7.41,Non ValidÃ©
EL FAROUK,NOUHAILA,11.4,12.0,11.1,10.6,9.9,10.2,10.7,10.84,ValidÃ©
EL GHAYATI,SARA,9.6,8.7,10.0,8.9,9.2,7.5,9.0,8.7,Non ValidÃ©
EL MOUSAOUY,YOUSRA,13.5,14.0,12.9,13.1,12.4,14.2,13.0,13.3,ValidÃ©
EL OUALI,FATIMA EZ-ZAHRAE,10.3,11.6,9.9,10.1,9.4,11.1,10.7,10.44,ValidÃ©
EL-AOULA,KHALD,6.5,7.3,7.0,6.7,8.1,7.8,7.2,7.23,Non ValidÃ©
EL-KILI,RIM,12.6,11.4,13.3,12.2,13.5,12.1,11.6,12.38,ValidÃ©
EL-ONSORY,FATIMA ZAHRAA,9.5,8.6,10.2,9.0,9.7,10.5,9.9,9.63,Non ValidÃ©
ELBAZ,SOUKAINA,10.0,11.1,9.4,10.3,10.2,9.9,11.0,10.27,ValidÃ©
ELHADDAJI,FATIMA ZAHRA,13.7,14.3,12.5,13.0,14.6,13.1,13.8,13.57,ValidÃ©
ELMANSOURI,AMINA,7.4,8.0,7.1,6.5,8.2,7.9,7.0,7.44,Non ValidÃ©
ELOMARI,HAJAR,12.9,11.7,13.1,12.6,13.4,12.0,11.9,12.51,ValidÃ©
ERGUIG,ISMAIL,13.5,14.0,12.3,11.2,12.8,13.0,14.1,13.01,ValidÃ©
FLAHI,FATIMA-EZ-ZAHRAA,9.2,10.3,8.7,9.0,9.8,10.1,8.9,9.29,Non ValidÃ©
FLAHI,SARA,8.8,9.1,7.5,9.3,8.0,9.6,9.4,8.81,Non ValidÃ©
HAJJAJ,HOUDA,10.6,11.9,12.4,10.8,12.0,11.3,11.7,11.53,ValidÃ©
HAMMANI,IKRAM,14.6,13.8,15.1,12.9,14.3,13.2,14.9,14.11,ValidÃ©
IDRISSI,ZINEB,7.7,6.9,8.4,7.6,8.0,6.8,8.1,7.64,Non ValidÃ©
LAARABI,RIHAB,13.2,14.5,12.9,13.6,14.0,13.1,13.3,13.51,ValidÃ©
LACHAL,FATIMA,10.3,9.9,11.0,10.7,9.6,11.2,10.4,10.44,ValidÃ©
LAFRAM,MOHAMED,8.7,7.5,9.2,8.0,8.6,7.9,9.0,8.41,Non ValidÃ©
LEMKIMEL,ZAKARIA,13.0,12.5,14.0,13.4,13.2,14.1,13.8,13.43,ValidÃ©
NASK ALLAH,ZAKARIA,11.5,10.8,12.2,11.6,12.0,11.4,10.9,11.49,ValidÃ©
NEKRO,DOHA,6.9,7.2,6.5,8.0,7.6,6.8,7.0,7.14,Non ValidÃ©
NYAN,SAFAE,13.7,12.9,14.1,13.3,12.6,14.0,13.5,13.44,ValidÃ©
SABER,BADREDDINE,9.0,8.6,10.1,9.3,9.4,9.0,8.9,9.04,Non ValidÃ©
SABER,KHAJDA,12.4,11.3,13.0,12.6,11.9,12.8,13.2,12.46,ValidÃ©
SALIANI,BOUCHAIB,7.8,6.9,8.4,7.6,8.0,8.2,7.7,7.8,Non ValidÃ©
SAMSEM,MOUAD,10.1,10.8,9.9,11.0,10.5,10.2,10.3,10.4,ValidÃ©
SANGARE,NFALY,11.3,12.0,13.5,12.1,12.6,11.8,13.0,12.33,ValidÃ©
SARHANE,AYMANE,8.5,9.2,7.9,8.1,9.0,8.8,8.4,8.56,Non ValidÃ©
SIRAT,RANIA,13.0,14.0,13.4,12.9,14.1,13.2,12.5,13.3,ValidÃ©
SMAINI,HAFSA,7.2,6.5,8.1,7.6,7.9,6.9,7.5,7.39,Non ValidÃ©
TAFTAF,AYA,10.4,11.6,12.2,11.3,10.8,11.1,12.0,11.34,ValidÃ©
TCHETCHOUA TENE,BELVANIE,9.9,8.7,10.2,9.4,10.0,9.2,9.8,9.74,Non ValidÃ©
YOUMBI,YOURI,11.7,12.2,13.1,12.6,12.3,12.0,12.9,12.4,ValidÃ©
ZAHRAOUI,ABIR,10.9,9.8,11.3,10.7,11.1,10.6,10.2,10.65,ValidÃ©
ZRIOUL,SAAD,13.8,12.5,14.2,13.4,12.9,14.0,13.7,13.5,ValidÃ©
